eplenmean,eprewmean,fps,loss/approxkl,loss/clipfrac,loss/policy_entropy,loss/policy_loss,loss/value_loss,misc/explained_variance,misc/nupdates,misc/serial_timesteps,misc/time_elapsed,misc/total_timesteps
4.51,-235.8275,1075,1.7353304e-05,0.0,2.9956975,-0.00078077335,11745.43,0.006099283695220947,1,2048,1.9044523670017952,2048
4.83,-233.2425,1470,0.0005005209,0.0,2.9668407,-0.0038431208,10225.917,-0.032735347747802734,10,20480,15.223795953002991,20480
13.73,-222.75,1496,0.00024642464,0.0,2.500178,-0.0033681653,4156.974,-0.030570387840270996,20,40960,29.023789319006028,40960
29.56,-179.5175,1490,5.1759114e-05,0.0,2.3233294,-0.0017180371,2712.794,-0.009080290794372559,30,61440,42.72815316800552,61440
47.2,-33.1225,1509,5.2460564e-05,0.0,2.1068397,-0.0013293657,2555.829,-0.0020633935928344727,40,81920,56.37461677700048,81920
51.68,17.7975,1497,2.9014374e-05,0.0,2.0393972,0.0006510151,2819.441,0.0031871795654296875,50,102400,70.035765232009,102400
49.0,-26.525,1515,3.050978e-05,0.0,2.0175915,0.0003510237,2315.777,0.0033077597618103027,60,122880,83.65229857500526,122880
53.2,-10.765,1482,7.589203e-05,0.0,1.8698481,0.00096447906,2164.4177,0.014084279537200928,70,143360,97.42831661499804,143360
55.26,10.0525,1488,0.00014154945,0.0,1.7714899,0.002501097,2373.32,0.021367907524108887,80,163840,166.883408943002,163840
54.06,-6.865,1492,9.514181e-05,0.0,1.6126288,0.0014643065,2208.3396,0.02628457546234131,90,184320,180.51129868499993,184320
56.1,-1.085,1507,0.0006010478,0.0,1.3342979,-0.0068405503,1636.4012,0.023211300373077393,100,204800,194.09778644501057,204800
57.68,4.5725,1510,9.565262e-05,0.0,1.2055079,0.0015590482,1199.8342,0.048091769218444824,110,225280,207.6864981539984,225280
57.02,12.2325,1492,0.00010812729,0.0,1.0033143,0.0023893006,1214.6799,0.06488960981369019,120,245760,221.28191518300446,245760
57.79,23.26,1518,0.00018705265,0.0,1.0326909,0.0030927167,1303.5527,0.05678725242614746,130,266240,234.87033228200744,266240
59.19,26.03,1513,9.194987e-05,0.0,0.8483055,0.001917932,859.6994,0.11639070510864258,140,286720,248.46174406600767,286720
56.56,30.37,1504,0.0001661641,0.0,0.8381956,0.00289469,1132.0984,0.08323132991790771,150,307200,262.05110517700086,307200
58.45,35.5225,1489,0.00014999673,0.00024414062,0.77201885,0.002368557,1128.0286,0.09720718860626221,160,327680,275.6744014680007,327680
56.1,23.0875,1501,8.607762e-05,0.0,0.7372048,-0.0008070208,1238.4863,0.05742770433425903,170,348160,289.2593152010086,348160
59.36,79.6925,1505,4.5620793e-05,0.00012207031,0.6415498,-0.0006675085,1640.1697,0.1675134301185608,180,368640,302.8719442020083,368640
60.29,98.7525,1499,7.9302205e-05,0.0,0.56631577,-0.00036158424,1197.8416,0.21033412218093872,190,389120,316.4648578510096,389120
61.0,92.2025,1507,0.00016997868,0.0,0.5286149,4.4366912e-05,650.21234,0.3026832342147827,200,409600,330.0220919179992,409600
60.24,82.8225,1504,3.2986198e-05,0.0,0.51575446,-0.00024651014,864.82227,0.2627354860305786,210,430080,343.62518907700724,430080
61.0,65.235,1501,0.00033254712,0.0,0.51873153,0.00020558454,391.64313,0.3946579694747925,220,450560,357.26425316699897,450560
61.0,47.4925,1503,0.00015793381,0.0,0.41515276,0.0005310484,194.21805,0.5163899958133698,230,471040,370.8559015799983,471040
61.0,37.1875,1499,6.502845e-05,0.0,0.42413285,-0.0009984697,154.32481,0.4897594451904297,240,491520,449.7069670780038,491520
61.0,59.51,1501,5.348925e-05,0.0,0.44673708,-0.0006580051,140.56813,0.45000308752059937,250,512000,463.3681941090035,512000
61.0,80.7075,1503,0.0002490709,0.0,0.37330195,-0.0012229409,173.77559,0.394773006439209,260,532480,477.0066651380039,532480
61.0,92.965,1464,1.5633164e-05,0.0,0.29008147,-7.8339945e-05,235.58632,0.2771293520927429,270,552960,490.6774352939974,552960
61.0,97.84,1495,4.401918e-05,0.0,0.27129,0.00025749998,195.02063,0.23661059141159058,280,573440,504.30530936599826,573440
61.0,100.1175,1503,2.1571695e-05,0.0,0.25172806,-1.3221084e-05,208.46967,0.2127496600151062,290,593920,517.9080688859976,593920
61.0,99.8825,1486,1.16820065e-05,0.0,0.23365846,2.8369483e-05,235.68777,0.2292453646659851,300,614400,531.5902439269994,614400
61.0,98.23,1506,7.6141194e-05,0.0,0.24274202,2.4255904e-05,193.75719,0.20104563236236572,310,634880,545.2370246500068,634880
61.0,99.3775,1492,1.6248407e-05,0.0,0.25162482,9.273767e-05,218.81424,0.21840524673461914,320,655360,558.8386659500102,655360
61.0,104.195,1482,1.5757629e-05,0.0,0.22587907,-0.00014945843,240.8681,0.17411315441131592,330,675840,572.4519440480071,675840
61.0,105.0425,1503,1.0174571e-05,0.0,0.224637,-0.000118992975,214.10707,0.14973676204681396,340,696320,586.0591349940078,696320
61.0,109.93,1509,0.00012335567,0.00036621094,0.24403453,-0.0007687602,228.44386,0.15198665857315063,350,716800,599.674860500003,716800
61.0,113.3025,1504,0.00011345763,0.0,0.27691263,-0.0005300238,310.69193,0.11312001943588257,360,737280,613.3299661190104,737280
61.0,134.355,1494,0.0010722106,0.013427734,0.44130614,-0.002663844,369.30072,0.1208992600440979,370,757760,626.912436921004,757760
61.0,186.4325,1494,4.6636393e-05,0.0,0.6488768,-0.00021231962,822.55927,0.06735950708389282,380,778240,640.5367744609975,778240
61.0,310.055,1495,0.0015881647,0.0,0.6075517,0.0011720931,2325.065,0.009376466274261475,390,798720,654.1584827990009,798720
61.0,354.7875,1502,2.847088e-05,0.0,0.42829308,-9.447464e-05,2695.0745,0.0029270052909851074,400,819200,667.8273050580028,819200
61.0,381.625,1501,3.521732e-05,0.0,0.25906825,-6.741873e-06,3046.8667,0.0012211799621582031,410,839680,681.459319629008,839680
61.0,381.6575,1500,1.84439e-05,0.0,0.16601259,-8.102856e-05,3322.1196,0.0015435218811035156,420,860160,695.1295531270007,860160
61.0,389.355,1538,1.87046e-05,0.0,0.19322719,-0.00021051645,3263.4473,0.001043856143951416,430,880640,708.7503561979975,880640
61.0,385.4075,1504,4.8477716e-07,0.0,0.22674966,-1.0274292e-05,3031.1719,0.00036090612411499023,440,901120,722.409571606011,901120
61.0,393.24,1457,3.2136709e-06,0.0,0.18012115,3.829156e-05,3242.0269,0.0011644363403320312,450,921600,736.3330119790044,921600
61.0,395.1,1490,1.8267881e-05,0.0,0.17390566,-6.865071e-05,3240.3235,0.0014298558235168457,460,942080,750.10985102001,942080
61.0,396.22,1512,3.957354e-06,0.0,0.12974462,-1.762883e-05,3335.0332,0.0011187195777893066,470,962560,763.7978629670106,962560
61.0,393.795,1496,3.1804295e-06,0.0,0.121096656,-7.075508e-05,3311.4578,0.0010149478912353516,480,983040,777.485745441998,983040
61.0,399.91,1477,2.2016425e-07,0.0,0.101335265,-5.8527803e-06,3287.2117,0.0009906888008117676,490,1003520,791.1827730280056,1003520
61.0,398.18,1501,1.1516984e-07,0.0,0.1173351,2.3085886e-06,3188.8096,0.000796198844909668,500,1024000,804.8259355940099,1024000
61.0,399.2,1482,3.2754274e-06,0.0,0.09501544,-2.4475696e-05,3036.3562,0.0008698701858520508,510,1044480,818.6712648550019,1044480
61.0,402.0375,1497,7.395469e-08,0.0,0.08501164,1.6336271e-06,3127.8416,0.00033104419708251953,520,1064960,832.5103442550026,1064960
61.0,400.63,1443,1.308682e-07,0.0,0.071241066,-3.432826e-06,3039.412,0.0005360841751098633,530,1085440,846.3024479059968,1085440
61.0,400.2725,1471,8.138644e-07,0.0,0.04705837,-3.3257937e-05,3241.461,0.00032013654708862305,540,1105920,860.2141424630099,1105920
61.0,403.1275,1415,4.842343e-08,0.0,0.04510566,-9.292853e-07,3228.1921,0.00039708614349365234,550,1126400,996.9525050990051,1126400
61.0,401.13,1440,6.860618e-08,0.0,0.04550857,-8.6816726e-07,2955.7544,0.0003279447555541992,560,1146880,1010.9954624230013,1146880
61.0,404.9425,1436,6.533344e-08,0.0,0.051549282,-1.3354584e-06,3054.4275,0.00036847591400146484,570,1167360,1025.1252837479988,1167360
61.0,406.9,1402,2.405368e-07,0.0,0.042055983,-1.7261249e-05,2979.3625,0.00020843744277954102,580,1187840,1039.2962726550031,1187840
61.0,396.52,1349,1.5175365e-06,0.0,0.048406392,-4.9184688e-05,2998.5618,0.00018733739852905273,590,1208320,1053.8227858960017,1208320
61.0,393.37,1475,7.08787e-08,0.0,0.03504476,-3.842404e-06,2856.4858,6.383657455444336e-05,600,1228800,1068.390748728998,1228800
61.0,399.6425,1436,3.5795113e-06,0.0,0.03366815,-6.288006e-05,3087.021,0.00010204315185546875,610,1249280,1082.2435729120043,1249280
61.0,398.2425,1450,2.261002e-08,0.0,0.029887408,-4.254369e-06,3021.6685,5.620718002319336e-05,620,1269760,1096.159959520999,1269760
61.0,401.55,1494,1.2949233e-06,0.0,0.032019433,-2.1413041e-05,3072.9775,0.00010782480239868164,630,1290240,1110.0692991340038,1290240
61.0,404.51,1483,2.8144216e-06,0.0,0.037429117,-7.137492e-05,3013.5059,9.077787399291992e-05,640,1310720,1123.9491299660003,1310720
61.0,396.42,1347,5.291698e-08,0.0,0.035792243,1.0987133e-06,2818.707,0.0001061558723449707,650,1331200,1138.4497042540024,1331200
61.0,397.0225,1448,5.251553e-07,0.0,0.037770983,5.012931e-06,3000.9111,5.0902366638183594e-05,660,1351680,1152.6625685550098,1351680
61.0,399.9025,1445,3.8210598e-07,0.0,0.04331679,-1.8737268e-05,2748.4282,1.3113021850585938e-06,670,1372160,1167.3304238220007,1372160
61.0,407.4225,1474,1.5133589e-08,0.0,0.034211386,5.927868e-07,2983.532,1.6808509826660156e-05,680,1392640,1181.2350622460071,1392640
61.0,401.105,1407,9.550967e-08,0.0,0.034831487,3.8117287e-06,2863.4375,2.6941299438476562e-05,690,1413120,1196.652245448,1413120
61.0,394.3625,1405,6.7387355e-06,0.0,0.040899936,-7.7457604e-05,2755.6255,1.722574234008789e-05,700,1433600,1210.8625375590054,1433600
61.0,400.315,1434,2.495766e-07,0.0,0.038562655,1.1460455e-05,3006.3516,1.0788440704345703e-05,710,1454080,1225.4090293320041,1454080
61.0,403.285,1467,6.6828593e-06,0.0,0.023801224,-9.1969094e-05,3013.05,1.2040138244628906e-05,720,1474560,1239.5219465810078,1474560
61.0,404.3525,1432,1.6315404e-08,0.0,0.02138773,7.202616e-07,2910.6877,0.0,730,1495040,1253.5276324570004,1495040
61.0,400.9625,1473,5.025447e-06,0.0,0.019315826,-9.267373e-05,2867.2346,-8.225440979003906e-06,740,1515520,1267.445735856003,1515520
61.0,394.7975,1469,1.3365297e-08,0.0,0.020216137,1.1720549e-06,2917.093,4.291534423828125e-06,750,1536000,1281.6854454700078,1536000
61.0,397.625,1455,5.997529e-09,0.0,0.020772617,6.658229e-07,2930.87,-2.1457672119140625e-06,760,1556480,1295.5917132940085,1556480
61.0,402.38,1468,9.775332e-07,0.0,0.029352954,1.5216996e-05,2983.0737,3.814697265625e-06,770,1576960,1309.777128611997,1576960
61.0,405.46,1505,2.5414345e-06,0.0,0.03334835,-3.7597114e-05,2931.5269,7.748603820800781e-07,780,1597440,1323.7137454339972,1597440
61.0,401.52,1499,5.287758e-07,0.0,0.022457248,2.0372972e-06,2845.7295,-3.2186508178710938e-06,790,1617920,1337.4301600480103,1617920
61.0,406.39,1482,8.693601e-06,0.0,0.023509895,-4.0481624e-05,2849.6335,2.4437904357910156e-06,800,1638400,1351.1622057470086,1638400
61.0,412.2725,1493,7.257731e-08,0.0,0.018742474,-2.854853e-06,2797.7417,-9.5367431640625e-07,810,1658880,1364.8412192789983,1658880
61.0,405.1125,1492,1.7566775e-07,0.0,0.018440679,-1.9011786e-06,2879.5637,-1.430511474609375e-06,820,1679360,1378.5558830990049,1679360
61.0,406.355,1491,3.1430625e-06,0.0,0.032489303,-5.1620096e-05,2716.122,1.0728836059570312e-06,830,1699840,1392.235941855004,1699840
61.0,398.2875,1491,6.300942e-07,0.0,0.024551576,-3.3304677e-06,2928.0164,-3.0994415283203125e-06,840,1720320,1405.9797849160095,1720320
61.0,400.8375,1498,3.1721805e-07,0.0,0.022922523,-1.716394e-05,3101.8955,-2.384185791015625e-06,850,1740800,1419.7240244770073,1740800
61.0,398.615,1491,1.3194786e-07,0.0,0.013435602,-5.9001904e-06,2995.0623,-4.291534423828125e-06,860,1761280,1433.5046645749972,1761280
61.0,406.3875,1498,1.02697165e-07,0.0,0.013507817,-3.4862023e-06,2925.5566,-4.0531158447265625e-06,870,1781760,1447.3235070369992,1781760
61.0,402.76,1470,8.834405e-07,0.0,0.01784316,-3.8641156e-06,2864.7778,-9.5367431640625e-07,880,1802240,1461.1554673280043,1802240
61.0,399.25,1498,9.653875e-09,0.0,0.012573242,1.316861e-06,2704.8516,-2.86102294921875e-06,890,1822720,1474.858032019998,1822720
61.0,406.4175,1501,3.0321999e-06,0.0,0.012329166,-6.122806e-05,2997.2556,-2.86102294921875e-06,900,1843200,1488.5646837380045,1843200
61.0,403.005,1489,4.9147106e-06,0.0,0.01638624,-8.9145076e-05,2909.4854,-2.5033950805664062e-06,910,1863680,1502.2807779190043,1863680
61.0,400.4475,1499,4.4854455e-06,0.0,0.011138055,-0.00015506186,2955.7441,-2.5033950805664062e-06,920,1884160,1515.9923248950072,1884160
61.0,407.88,1499,1.607781e-07,0.0,0.01378892,-5.6196586e-07,2932.285,-1.6689300537109375e-06,930,1904640,1529.6964936639997,1904640
61.0,404.3225,1493,8.8095874e-07,0.0,0.022880962,1.5710772e-05,2940.645,-1.5497207641601562e-06,940,1925120,1543.399806720001,1925120
61.0,399.97,1502,8.171131e-06,0.0,0.022747317,-8.365807e-05,2898.33,-2.1457672119140625e-06,950,1945600,1557.0763092840061,1945600
61.0,400.7775,1489,1.4246613e-05,0.0,0.0520083,-5.1072304e-05,3011.6624,-2.1457672119140625e-06,960,1966080,1570.7767743120057,1966080
61.0,399.49,1497,0.00011954227,0.0021972656,0.074597,-0.00026690954,3009.6965,-1.9073486328125e-06,970,1986560,1584.4684174819995,1986560
61.0,399.72,1473,0.00031319057,0.0031738281,0.11440347,-0.00024245541,2897.2368,-2.1457672119140625e-06,980,2007040,1598.191426136007,2007040
61.0,403.155,1494,0.00018472322,0.0068359375,0.0956348,-0.00026840472,3276.8774,-2.0265579223632812e-06,990,2027520,1611.9211561679986,2027520
61.0,400.9325,1491,1.218252e-05,0.0,0.042061683,1.5859536e-05,3071.312,-1.1920928955078125e-06,1000,2048000,1625.728498536002,2048000
61.0,405.67,1489,1.0879879e-06,0.0,0.029303892,-9.3050185e-06,3250.508,-1.430511474609375e-06,1010,2068480,1639.5024254190066,2068480
61.0,397.57,1493,4.8909926e-05,0.0012207031,0.03713623,-0.00029851907,3094.444,-1.0728836059570312e-06,1020,2088960,1653.2216724820028,2088960
61.0,405.765,1499,3.6279987e-05,0.0009765625,0.04606941,-0.00016424558,3184.3408,-1.0728836059570312e-06,1030,2109440,1666.9356044260057,2109440
61.0,395.475,1494,9.728602e-06,0.0,0.07997118,-1.6652339e-05,3079.8496,-9.5367431640625e-07,1040,2129920,1680.6712753290049,2129920
61.0,397.2425,1498,0.00030433544,0.0041503906,0.09069571,-0.00033366925,3281.4285,-7.152557373046875e-07,1050,2150400,1694.3733949460002,2150400
61.0,401.8875,1492,6.8422455e-06,0.0,0.098731,5.248282e-05,3184.8774,-8.344650268554688e-07,1060,2170880,1708.096487636998,2170880
61.0,409.8275,1497,9.642195e-06,0.0,0.12292951,-1.9037398e-05,3407.6252,-5.960464477539062e-07,1070,2191360,1721.804525642001,2191360
61.0,409.71,1495,1.3485558e-05,0.0,0.068593465,-0.00021171683,3298.4893,-3.5762786865234375e-07,1080,2211840,1735.4918662080017,2211840
61.0,397.965,1495,3.1523691e-06,0.0,0.083759174,1.6147533e-06,3294.1768,-3.5762786865234375e-07,1090,2232320,1749.2218502790056,2232320
61.0,399.1375,1499,1.4292153e-05,0.0,0.06128271,-9.10736e-05,3396.7192,-2.384185791015625e-07,1100,2252800,1762.942865378005,2252800
61.0,398.4625,1496,0.00020063476,0.0036621094,0.06139265,-0.0002283846,3593.494,-2.384185791015625e-07,1110,2273280,1776.630573219998,2273280
61.0,395.475,1497,8.940668e-06,0.0,0.047118597,-1.8205697e-05,3449.4927,-2.384185791015625e-07,1120,2293760,1790.3227738179994,2293760
61.0,402.9475,1497,1.357464e-05,0.0,0.035068106,-0.00015543654,3357.4106,-2.384185791015625e-07,1130,2314240,1804.0760991819989,2314240
61.0,392.8075,1497,0.00014234557,0.0032958984,0.078548014,-0.00046640434,3603.0293,-1.1920928955078125e-07,1140,2334720,1817.8317431350006,2334720
61.0,402.815,1491,1.3960815e-05,0.0,0.032535605,-7.8777375e-05,3760.362,-1.1920928955078125e-07,1150,2355200,1831.5140467220044,2355200
61.0,403.8525,1497,3.5655154e-05,0.0,0.032992348,-0.0001572314,3612.2654,-2.384185791015625e-07,1160,2375680,1845.1968194400106,2375680
61.0,397.085,1494,4.976514e-07,0.0,0.040689263,6.316841e-07,3603.998,-1.1920928955078125e-07,1170,2396160,1858.8747374450031,2396160
61.0,401.7225,1400,0.00013988011,0.00036621094,0.076948166,0.00020007636,3648.6963,-1.1920928955078125e-07,1180,2416640,1872.9217381920025,2416640
61.0,396.05,1494,2.4292267e-06,0.0,0.07073236,-3.6375917e-05,3635.8423,-1.1920928955078125e-07,1190,2437120,1886.9418828250055,2437120
61.0,405.01,1489,6.51384e-07,0.0,0.09364611,7.270006e-06,3476.5676,0.0,1200,2457600,1900.729866819005,2457600
61.0,395.165,1336,1.7566894e-07,0.0,0.086064935,-4.3852197e-06,3845.0386,-1.1920928955078125e-07,1210,2478080,1915.458849860006,2478080
61.0,393.83,1437,7.846646e-06,0.00012207031,0.13866597,1.3584751e-05,3653.7063,0.0,1220,2498560,1930.3526327870059,2498560
61.0,393.58,1080,2.5538604e-05,0.0,0.09464051,-8.8702654e-05,3613.4443,-1.1920928955078125e-07,1230,2519040,1947.1909316810052,2519040
61.0,393.4,1368,1.3776179e-05,0.0,0.07148128,-3.3798453e-05,3604.1257,-1.1920928955078125e-07,1240,2539520,1963.3752045270085,2539520
61.0,404.875,1345,4.6197198e-07,0.0,0.054189794,-1.192739e-05,3522.7168,0.0,1250,2560000,1978.570026530011,2560000
61.0,397.785,1458,2.7650753e-05,0.0,0.08274936,-2.130041e-05,3658.5847,0.0,1260,2580480,1993.2364212469984,2580480
61.0,401.7425,863,8.806663e-06,0.0,0.06108692,-8.1211445e-05,3520.892,-1.1920928955078125e-07,1270,2600960,2009.577369687002,2600960
61.0,400.485,1079,3.6663305e-06,0.0,0.08369588,8.510405e-05,3535.5312,0.0,1280,2621440,2027.0933999520057,2621440
61.0,397.8625,1139,5.83948e-07,0.0,0.1261962,-5.1624374e-06,3664.041,0.0,1290,2641920,2044.3587857870007,2641920
61.0,399.1925,1335,1.157847e-05,0.0,0.06299016,-0.0001372261,3807.6653,-1.1920928955078125e-07,1300,2662400,2059.0378587830055,2662400
61.0,396.94,1379,3.4791134e-07,0.0,0.050481584,-2.8264622e-06,3619.6267,0.0,1310,2682880,2073.374328570004,2682880
61.0,402.86,1434,3.580573e-08,0.0,0.040205456,1.2427336e-07,3712.9458,0.0,1320,2703360,2087.67237477201,2703360
61.0,399.4525,1433,4.7917483e-06,0.0,0.045677137,2.9770861e-05,3964.6243,0.0,1330,2723840,2101.897105101001,2723840
61.0,403.5925,1447,2.6165122e-07,0.0,0.03500486,1.1626893e-05,3711.1624,0.0,1340,2744320,2116.13896579601,2744320
61.0,400.745,1455,3.284624e-08,0.0,0.023602014,4.2166503e-06,3752.5662,5.960464477539063e-08,1350,2764800,2130.376467883005,2764800
61.0,390.6825,1430,1.82033e-06,0.0,0.019348832,-1.9114988e-05,3801.5107,0.0,1360,2785280,2144.7117603990046,2785280
61.0,404.72,1479,6.2089584e-06,0.0,0.023067966,-0.00011140286,3707.951,-1.1920928955078125e-07,1370,2805760,2158.958667637009,2805760
61.0,402.68,1439,5.3093963e-08,0.0,0.026873488,-2.0729203e-06,3703.7275,0.0,1380,2826240,2173.238611118999,2826240
61.0,405.7225,1466,5.516502e-07,0.0,0.035476647,-2.449633e-06,3556.1145,-1.1920928955078125e-07,1390,2846720,2187.4033183980064,2846720
61.0,400.32,1436,8.209214e-05,0.001953125,0.02476992,-0.00017524575,3561.8757,-1.1920928955078125e-07,1400,2867200,2201.613923780009,2867200
61.0,402.9425,1436,1.2304268e-07,0.0,0.01549943,-1.1030177e-05,3802.457,0.0,1410,2887680,2215.8449115390104,2887680
61.0,397.6125,1419,2.7514463e-07,0.0,0.01484485,-5.583919e-06,3677.6226,0.0,1420,2908160,2229.992129848004,2908160
61.0,406.2375,1411,7.1822105e-06,0.0,0.024073958,-5.3111246e-05,3697.2974,0.0,1430,2928640,2244.247987601004,2928640
61.0,404.415,1417,5.371253e-07,0.0,0.033186175,-8.087649e-06,3637.2056,5.960464477539063e-08,1440,2949120,2258.4278323570034,2949120
61.0,398.9125,1422,2.7890506e-05,0.00061035156,0.033207856,-0.00017296258,3800.9417,-1.1920928955078125e-07,1450,2969600,2272.595533369007,2969600
61.0,400.49,1398,3.4164348e-06,0.0,0.031661864,2.3157627e-06,3665.6938,-1.1920928955078125e-07,1460,2990080,2286.844366299003,2990080
61.0,401.62,1433,0.00013365499,0.0029296875,0.035986975,-0.00015189406,3666.8228,-1.1920928955078125e-07,1470,3010560,2301.027569227008,3010560
61.0,404.41,1435,8.163169e-07,0.0,0.056275804,-1.3754558e-05,3768.5999,0.0,1480,3031040,2315.2317728869966,3031040
61.0,395.6825,1416,5.077836e-06,0.0,0.059007414,-3.77041e-05,3735.234,-1.1920928955078125e-07,1490,3051520,2329.4851595070068,3051520
61.0,400.56,1429,1.1379789e-06,0.0,0.044195123,-1.1251948e-05,3666.3108,-1.1920928955078125e-07,1500,3072000,2343.814795858998,3072000
61.0,396.1275,1482,3.237096e-05,0.0,0.047802467,2.697343e-05,3716.2063,0.0,1510,3092480,2357.665497326001,3092480
61.0,398.5525,1488,4.7561614e-05,0.0008544922,0.040323056,-0.00013486034,3728.6975,0.0,1520,3112960,2371.5176125360013,3112960
61.0,405.9425,1478,2.3346343e-05,0.0,0.023285652,-8.549186e-05,3662.3376,0.0,1530,3133440,2385.3489682350046,3133440
61.0,414.4025,1479,1.5870498e-09,0.0,0.011725664,-6.629707e-07,3476.8823,-1.1920928955078125e-07,1540,3153920,2399.2127517659974,3153920
61.0,395.5175,1439,1.3775005e-07,0.0,0.016145764,2.4482142e-06,3737.7268,0.0,1550,3174400,2413.233490249011,3174400
61.0,404.1425,1467,7.81617e-08,0.0,0.012810577,5.1195093e-06,3616.8855,0.0,1560,3194880,2427.135270587998,3194880
61.0,405.5975,1494,3.1857855e-06,0.0,0.008614076,5.84792e-06,3544.4407,5.960464477539063e-08,1570,3215360,2440.9874149370007,3215360
61.0,408.5875,1472,9.6117006e-08,0.0,0.0077607045,-2.0893785e-06,3504.613,0.0,1580,3235840,2454.843919710009,3235840
61.0,405.93,1473,4.7858947e-07,0.0,0.01007567,5.880298e-06,3700.1887,-1.1920928955078125e-07,1590,3256320,2468.674214070008,3256320
61.0,400.005,1457,2.4073584e-06,0.0,0.013971272,-2.9753675e-05,3775.249,0.0,1600,3276800,2482.5430615740042,3276800
61.0,395.99,1450,3.9764316e-07,0.0,0.010186763,-7.0219103e-06,3508.9648,0.0,1610,3297280,2496.419679786006,3297280
61.0,404.8325,1474,3.6677815e-08,0.0,0.010096685,-4.487927e-06,3616.0327,0.0,1620,3317760,2510.2939122590033,3317760
61.0,404.1725,1485,8.897884e-09,0.0,0.0070951404,1.5846745e-06,3773.9678,0.0,1630,3338240,2524.198591829001,3338240
61.0,402.55,1486,3.2472997e-07,0.0,0.006088271,-1.4119811e-05,3600.891,-1.1920928955078125e-07,1640,3358720,2538.1498978419986,3358720
61.0,406.2375,1479,4.021044e-07,0.0,0.0079203285,-4.9581286e-06,3659.407,0.0,1650,3379200,2551.9200649340055,3379200
61.0,402.2525,1480,4.5067008e-08,0.0,0.006805594,-1.1237862e-06,3734.4553,0.0,1660,3399680,2565.7790999560093,3399680
61.0,394.23,1464,6.234582e-12,0.0,0.004745504,-8.731149e-11,3659.2327,0.0,1670,3420160,2579.687282683997,3420160
61.0,398.87,1477,3.6165574e-08,0.0,0.0045822286,1.31403795e-08,3672.89,0.0,1680,3440640,2593.6156259790005,3440640
61.0,406.8225,1489,1.9275812e-07,0.0,0.0061010057,7.188937e-07,3640.7856,0.0,1690,3461120,2607.466845574003,3461120
61.0,405.44,1466,2.5848058e-07,0.0,0.0056756116,5.9371814e-08,3606.6274,0.0,1700,3481600,2621.31944158001,3481600
61.0,400.1475,1472,1.7685117e-10,0.0,0.005041547,8.352799e-09,3737.8599,-1.1920928955078125e-07,1710,3502080,2635.212567968003,3502080
61.0,400.5025,1478,3.2646966e-07,0.0,0.004545048,-1.6654361e-05,3570.929,0.0,1720,3522560,2649.133254871005,3522560
61.0,402.3375,1475,1.6371356e-08,0.0,0.002780103,-1.0938238e-06,3682.9329,0.0,1730,3543040,2663.135987271002,3543040
61.0,404.44,1462,5.024023e-07,0.0,0.0037552791,-2.2987835e-05,3680.3394,-1.1920928955078125e-07,1740,3563520,2677.0701491770014,3563520
61.0,404.125,1483,7.721404e-10,0.0,0.002853901,6.184564e-09,3821.5107,0.0,1750,3584000,2690.994053538001,3584000
61.0,405.305,1456,9.250437e-07,0.0,0.0023039964,2.2539753e-05,3787.5544,5.960464477539063e-08,1760,3604480,2704.9581465000083,3604480
61.0,410.96,1482,7.444712e-07,0.0,0.0032128799,-1.8055725e-05,3625.916,-1.1920928955078125e-07,1770,3624960,2718.8335485810094,3624960
61.0,402.9325,1466,1.1755179e-06,0.0,0.00284251,-2.5146524e-05,3685.9104,0.0,1780,3645440,2732.684609586009,3645440
61.0,402.94,1485,1.1724543e-06,0.0,0.0019743762,-2.8325583e-05,3818.054,0.0,1790,3665920,2746.583922586011,3665920
61.0,405.9025,1479,6.3618297e-09,0.0,0.001866586,-1.2390374e-06,3733.8452,5.960464477539063e-08,1800,3686400,2760.4802041410003,3686400
61.0,402.95,1467,1.5369644e-06,0.0,0.0017436717,-1.849595e-05,3609.1714,5.960464477539063e-08,1810,3706880,2774.386201956004,3706880
61.0,410.92,1477,2.9505582e-12,0.0,0.002792401,2.5029294e-09,3827.502,0.0,1820,3727360,2788.254325916001,3727360
61.0,403.6325,1476,7.3025683e-07,0.0,0.011629152,-1.791853e-05,3796.6772,0.0,1830,3747840,2802.109676431006,3747840
61.0,395.3225,1475,3.4740862e-07,0.0,0.013178303,-1.27594685e-05,3673.6118,0.0,1840,3768320,2815.9925247110077,3768320
61.0,401.545,1476,6.417177e-05,0.0014648438,0.013090894,9.444155e-05,3696.6108,5.960464477539063e-08,1850,3788800,2829.8822855530016,3788800
61.0,394.8425,1481,1.332775e-06,0.0,0.011960201,-2.443578e-05,3778.213,0.0,1860,3809280,2843.812172552003,3809280
61.0,407.3,1473,7.571044e-06,0.0,0.021204503,-1.6811682e-05,3860.41,-1.1920928955078125e-07,1870,3829760,2857.6676944110077,3829760
61.0,408.2775,1467,6.541768e-07,0.0,0.019290853,6.359522e-05,3512.223,0.0,1880,3850240,2871.651984671,3850240
61.0,401.8875,1457,2.9289093e-05,0.0,0.015103022,-4.9663126e-05,3583.5212,0.0,1890,3870720,2885.5901904900093,3870720
61.0,409.0975,1487,4.1264436e-10,0.0,0.009064299,-3.2014214e-09,3769.6206,-1.1920928955078125e-07,1900,3891200,2899.4576320250053,3891200
61.0,394.125,1494,1.2468804e-07,0.0,0.009457122,8.266681e-06,3658.7769,0.0,1910,3911680,2913.358847729003,3911680
61.0,406.4375,1452,4.7593748e-08,0.0,0.018002959,-4.750589e-06,3622.7537,0.0,1920,3932160,2927.207763974002,3932160
61.0,400.7325,1483,1.444615e-06,0.0,0.05024042,-1.5290396e-05,3670.5007,-1.1920928955078125e-07,1930,3952640,2941.0534013529978,3952640
61.0,401.7775,1480,0.00017952245,0.0017089844,0.11503391,0.0005702045,3637.8665,0.0,1940,3973120,2955.0366360949993,3973120
61.0,398.825,1480,8.612324e-05,0.0,0.085476756,0.00012588545,3752.31,0.0,1950,3993600,2968.857952136008,3993600
61.0,396.7875,1483,1.3436362e-08,0.0,0.020189693,2.8920476e-06,3829.975,1.1920928955078125e-07,1960,4014080,2982.683347062004,4014080
61.0,406.4025,1461,4.2012084e-07,0.0,0.028678428,-5.502661e-07,3627.0334,0.0,1970,4034560,2996.574025697002,4034560
61.0,402.355,1487,9.0329486e-05,0.0025634766,0.04702218,-0.0002775332,3706.2524,0.0,1980,4055040,3010.621640616999,4055040
61.0,404.715,1469,1.4831479e-05,0.0,0.060701497,0.00013319685,3731.5176,0.0,1990,4075520,3024.506204521007,4075520
61.0,401.0075,1472,1.8219466e-06,0.0,0.053763855,-2.9262039e-05,3623.9922,0.0,2000,4096000,3038.4334138720005,4096000
61.0,402.385,1470,1.2890208e-05,0.0,0.025284693,-7.526204e-05,3832.571,0.0,2010,4116480,3052.3020774530014,4116480
61.0,412.62,1459,3.4574366e-06,0.0,0.02508994,-1.1335484e-05,3711.5095,0.0,2020,4136960,3066.2275470820023,4136960
61.0,407.4925,1484,9.306948e-07,0.0,0.023438245,-4.327885e-07,3519.4197,0.0,2030,4157440,3080.1774587170075,4157440
61.0,404.6425,1506,1.5538515e-07,0.0,0.02215114,6.8874942e-06,3564.1003,0.0,2040,4177920,3094.035925324002,4177920
61.0,402.35,1488,5.93232e-07,0.0,0.037376404,2.7287606e-06,3590.9656,0.0,2050,4198400,3107.8573576240015,4198400
61.0,398.895,1475,4.7506933e-06,0.0,0.014546981,-2.948541e-05,3787.1873,5.960464477539063e-08,2060,4218880,3121.739810321,4218880
61.0,402.6025,1481,3.4542302e-07,0.0,0.009495272,-1.548737e-05,3527.2695,0.0,2070,4239360,3135.5820692940033,4239360
61.0,384.4525,1489,3.7839826e-10,0.0,0.006863976,-1.4876423e-07,3591.543,5.960464477539063e-08,2080,4259840,3149.416507631002,4259840
61.0,398.07,1474,1.0572964e-07,0.0,0.0050655766,2.3932953e-06,3657.6782,0.0,2090,4280320,3163.342323420002,4280320
61.0,400.3325,1491,1.15568625e-07,0.0,0.005925998,-8.0085665e-06,3501.1855,0.0,2100,4300800,3177.182317765997,4300800
61.0,401.305,1477,4.5197975e-08,0.0,0.004301645,-3.224588e-06,3531.8677,0.0,2110,4321280,3191.0794097160106,4321280
61.0,403.8325,1488,5.3221008e-08,0.0,0.005045863,-6.5105487e-06,3734.9282,0.0,2120,4341760,3204.9708374280017,4341760
61.0,398.5025,1461,1.2840644e-11,0.0,0.0052631176,-2.0372681e-09,3926.6475,0.0,2130,4362240,3218.8413215000037,4362240
61.0,398.815,1483,2.218423e-13,0.0,0.0040253666,-7.2759576e-09,3844.3198,0.0,2140,4382720,3232.6836125160044,4382720
61.0,404.085,1449,3.4362685e-08,0.0,0.0031728959,-6.852548e-06,3776.0437,0.0,2150,4403200,3246.6083931230096,4403200
61.0,407.5,1453,1.1922293e-06,0.0,0.0029742955,-2.0309759e-05,3578.2068,0.0,2160,4423680,3260.5329137750086,4423680
61.0,403.4775,1475,4.895222e-09,0.0,0.004111286,4.9886876e-07,3505.1545,0.0,2170,4444160,3274.374648808007,4444160
61.0,403.18,1488,6.4510544e-13,0.0,0.00422974,-6.0827006e-09,3643.8525,0.0,2180,4464640,3288.2622575999994,4464640
61.0,407.775,1476,1.4661543e-09,0.0,0.00426285,-1.1438897e-07,3724.1714,0.0,2190,4485120,3302.1165382440086,4485120
61.0,402.4675,1490,9.30897e-07,0.0,0.0048884777,-2.6383204e-05,3547.9102,0.0,2200,4505600,3315.932973109011,4505600
61.0,402.1625,1466,2.5715485e-07,0.0,0.0035725497,-6.9411835e-06,3840.3054,5.960464477539063e-08,2210,4526080,3329.882241996005,4526080
61.0,395.9725,1484,2.5101744e-11,0.0,0.0025154443,2.2773747e-09,3608.742,0.0,2220,4546560,3343.699823889998,4546560
61.0,396.285,1467,5.8639275e-13,0.0,0.0021079245,7.006747e-09,3648.2512,0.0,2230,4567040,3357.52570166401,4567040
61.0,410.885,1478,4.7268352e-12,0.0,0.0022943588,-3.099558e-09,3748.4202,5.960464477539063e-08,2240,4587520,3371.487233014006,4587520
61.0,405.625,1480,3.2402686e-14,0.0,0.0024720316,-6.868504e-09,3585.9043,0.0,2250,4608000,3385.3153903979983,4608000
61.0,402.5375,1462,3.5696428e-07,0.0,0.003059133,-1.0130891e-05,3762.1638,0.0,2260,4628480,3399.1649249620095,4628480
61.0,397.91,1448,3.93178e-13,0.0,0.0033078138,-5.835318e-09,3658.6748,0.0,2270,4648960,3413.072383908002,4648960
61.0,399.0075,1494,4.2673832e-07,0.0,0.003755878,-4.119036e-06,3631.516,-1.1920928955078125e-07,2280,4669440,3426.9789582430094,4669440
61.0,405.4975,1479,4.6468474e-09,0.0,0.0036680223,-3.8338476e-07,3710.7239,1.1920928955078125e-07,2290,4689920,3440.8082941360044,4689920
61.0,406.7925,1488,3.685241e-09,0.0,0.0055951276,3.9778388e-07,3638.215,-1.1920928955078125e-07,2300,4710400,3454.7007519559993,4710400
61.0,397.965,1466,5.8406382e-05,0.0014648438,0.013367663,-0.0003732366,3598.905,0.0,2310,4730880,3468.605382335998,4730880
61.0,399.06,1475,1.7500482e-05,0.00012207031,0.0076988186,-5.4159027e-05,3741.6016,5.960464477539063e-08,2320,4751360,3482.4964414350106,4751360
61.0,395.6375,1479,2.5179615e-06,0.0,0.010093222,-8.665853e-05,3919.3687,0.0,2330,4771840,3496.389811622008,4771840
61.0,403.58,1481,7.577533e-07,0.0,0.012958554,-1.3849938e-05,3613.8074,0.0,2340,4792320,3510.278434278007,4792320
61.0,404.285,1491,2.5245978e-05,0.00036621094,0.010832041,-0.00012000311,3649.1194,-1.1920928955078125e-07,2350,4812800,3524.185372328997,4812800
61.0,407.405,1487,1.4440042e-05,0.00036621094,0.00803594,-9.52516e-05,3864.5608,0.0,2360,4833280,3538.068891772011,4833280
61.0,402.345,1466,4.7906855e-08,0.0,0.009715365,-3.6950514e-06,3751.308,1.1920928955078125e-07,2370,4853760,3551.9707478190103,4853760
61.0,400.85,1483,1.3380794e-05,0.0,0.02051928,-0.00010747125,3629.8086,0.0,2380,4874240,3565.81649753901,4874240
61.0,402.76,1486,3.3174788e-06,0.0,0.051993627,5.012669e-06,3639.198,0.0,2390,4894720,3579.6755863569997,4894720
61.0,395.2075,1484,1.5961048e-05,0.0,0.11058366,-5.639327e-05,3770.6375,0.0,2400,4915200,3593.5011632130045,4915200
61.0,392.49,1487,2.1827973e-06,0.0,0.16977927,3.615464e-05,3685.357,0.0,2410,4935680,3607.4733015090023,4935680
61.0,393.1025,1462,5.915269e-06,0.0,0.10925437,1.2533499e-05,3620.9197,-1.1920928955078125e-07,2420,4956160,3621.390500984009,4956160
61.0,394.2075,1490,0.00013055184,0.0,0.14750902,-0.00011793783,3571.158,0.0,2430,4976640,3635.254101439001,4976640
61.0,386.5375,1490,0.00026615194,0.0,0.1981689,-0.0004142722,3527.1086,0.0,2440,4997120,3649.09439328601,4997120
